<drawing><ta id="0" x="118" y="167" w="66" h="34"><a><fillColor><color rgba="#ffff8000"/></fillColor><fontBold><boolean>true</boolean></fontBold><text><string>Figure</string></text><textColor><color rgba="#ff000000"/></textColor><fontFace><font name="Optima-Regular" style="0" size="1"/></fontFace><fontSize><double>19</double></fontSize></a></ta><ta id="1" x="88" y="97" w="80" h="30"><a><fillColor><color rgba="#ffffcc66"/></fillColor><text><string>Drawing</string></text><fontFace><font name="Optima-Regular" style="0" size="1"/></fontFace><textColor><color rgba="#ff000000"/></textColor><fontSize><double>16</double></fontSize></a></ta><ta id="2" x="38" y="217" w="60" h="30"><a><fillColor><color rgba="#ffffcc66"/></fillColor><text><string>Tool</string></text><fontFace><font name="Optima-Regular" style="0" size="1"/></fontFace><textColor><color rgba="#ff000000"/></textColor><fontSize><double>16</double></fontSize></a></ta><ta id="3" x="8" y="147" w="70" h="30"><a><fillColor><color rgba="#ffffcc66"/></fillColor><text><string>Handle</string></text><textColor><color rgba="#ff000000"/></textColor><fontFace><font name="Optima-Regular" style="0" size="1"/></fontFace><fontSize><double>16</double></fontSize></a></ta><ta id="4" x="198" y="117" w="110" h="30"><a><fillColor><color rgba="#ffffcc66"/></fillColor><text><string>DrawingView</string></text><textColor><color rgba="#ff000000"/></textColor><fontFace><font name="Optima-Regular" style="0" size="1"/></fontFace><fontSize><double>16</double></fontSize></a></ta><ta id="5" x="188" y="217" w="120" h="30"><a><fillColor><color rgba="#ffffcc66"/></fillColor><text><string>DrawingEditor</string></text><textColor><color rgba="#ff000000"/></textColor><fontFace><font name="Optima-Regular" style="0" size="1"/></fontFace><fontSize><double>16</double></fontSize></a></ta><lnk id="6"><points><p x="117.5" y="177.17592592592592"/><p x="78.5" y="169.23148148148147"/></points><startConnector><rConnector id="7"><owner><ta ref="0"/></owner></rConnector></startConnector><endConnector><rConnector id="8"><owner><ta ref="3"/></owner></rConnector></endConnector><a><fillColor><color rgba="#ffff8000"/></fillColor><fontBold><boolean>true</boolean></fontBold><textColor><color rgba="#ff000000"/></textColor><fontFace><font name="Optima-Regular" style="0" size="1"/></fontFace></a></lnk><lnk id="9"><points><p x="184.5" y="166.921568627451"/><p x="222.59615384615387" y="147.5"/></points><startConnector><rConnector id="a"><owner><ta ref="0"/></owner></rConnector></startConnector><endConnector><rConnector id="b"><owner><ta ref="4"/></owner></rConnector></endConnector><a><fillColor><color rgba="#ffff8000"/></fillColor><fontBold><boolean>true</boolean></fontBold><textColor><color rgba="#ff000000"/></textColor><fontFace><font name="Optima-Regular" style="0" size="1"/></fontFace></a></lnk><lnk id="c"><points><p x="184.5" y="200.57731958762886"/><p x="216.67708333333334" y="216.5"/></points><startConnector><rConnector id="d"><owner><ta ref="0"/></owner></rConnector></startConnector><endConnector><rConnector id="e"><owner><ta ref="5"/></owner></rConnector></endConnector><a><fillColor><color rgba="#ffff8000"/></fillColor><fontBold><boolean>true</boolean></fontBold><textColor><color rgba="#ff000000"/></textColor><fontFace><font name="Optima-Regular" style="0" size="1"/></fontFace></a></lnk><lnk id="f"><points><p x="120.73958333333336" y="201.5"/><p x="94.80208333333334" y="216.5"/></points><startConnector><rConnector id="10"><owner><ta ref="0"/></owner></rConnector></startConnector><endConnector><rConnector id="11"><owner><ta ref="2"/></owner></rConnector></endConnector><a><fillColor><color rgba="#ffff8000"/></fillColor><fontBold><boolean>true</boolean></fontBold><textColor><color rgba="#ff000000"/></textColor><fontFace><font name="Optima-Regular" style="0" size="1"/></fontFace></a></lnk><lnk id="12"><points><p x="145.40972222222223" y="166.5"/><p x="132.95138888888889" y="127.5"/></points><startConnector><rConnector id="13"><owner><ta ref="0"/></owner></rConnector></startConnector><endConnector><rConnector id="14"><owner><ta ref="1"/></owner></rConnector></endConnector><a><fillColor><color rgba="#ffff8000"/></fillColor><fontBold><boolean>true</boolean></fontBold><textColor><color rgba="#ff000000"/></textColor><fontFace><font name="Optima-Regular" style="0" size="1"/></fontFace></a></lnk><r id="15" x="340" y="10" w="40" h="40"><a><fillColor><color rgba="#ffffffff"/></fillColor><fontBold><boolean>true</boolean></fontBold><strokeColor><color rgba="#ff000000"/></strokeColor><textColor><color rgba="#ff000000"/></textColor><fontFace><font name="Verdana" style="0" size="1"/></fontFace></a></r><rr id="16" x="340" y="60" w="40" h="40" arcWidth="20" arcHeight="20"><a><fillColor><color rgba="#ffffffff"/></fillColor><fontBold><boolean>true</boolean></fontBold><strokeColor><color rgba="#ff000000"/></strokeColor><textColor><color rgba="#ff000000"/></textColor><fontFace><font name="Verdana" style="0" size="1"/></fontFace><strokeDashes><doubleArray><double>4</double><double>2</double></doubleArray></strokeDashes></a></rr><e id="17" x="340" y="110" w="40" h="40"><a><fillColor><color rgba="#ffffffff"/></fillColor><fontBold><boolean>true</boolean></fontBold><strokeColor><color rgba="#ff000000"/></strokeColor><fontFace><font name="Verdana" style="0" size="1"/></fontFace></a></e><diamond id="18" x="340" y="160" w="40" h="40"><a><fillColor><color rgba="#ffffffff"/></fillColor><fontBold><boolean>true</boolean></fontBold><strokeColor><color rgba="#ff000000"/></strokeColor><innerStrokeWidthFactor><double>3</double></innerStrokeWidthFactor><textColor><color rgba="#ff000000"/></textColor><fontFace><font name="Verdana" style="0" size="1"/></fontFace><strokeType><enum type="strokeType">DOUBLE</enum></strokeType></a></diamond><b id="19"><points><p mask="2" x="380" y="220" c2x="380" c2y="240"/><p mask="3" x="360" y="250" c1x="380" c1y="250" c2x="340" c2y="250"/><p mask="3" x="340" y="230" c1x="340" c1y="240" c2x="340" c2y="220"/><p mask="3" x="360" y="210" c1x="340" c1y="210" c2x="370" c2y="210"/><p mask="3" x="370" y="230" c1x="370" c1y="220" c2x="370" c2y="240"/><p x="360" y="240"/><p mask="3" x="350" y="230" c1x="350" c1y="241" c2x="350" c2y="224"/><p mask="1" x="360" y="220" c1x="350" c1y="220"/></points><a><fillColor><color rgba="#ffffffff"/></fillColor><fontBold><boolean>true</boolean></fontBold><strokeColor><color rgba="#ff000000"/></strokeColor><textColor><color rgba="#ff000000"/></textColor><fontFace><font name="Verdana" style="0" size="1"/></fontFace><startDecoration><arrowTip id="1a" angle="0.35" innerRadius="11.3" outerRadius="12" isFilled="true" isStroked="false" isSolid="true"/></startDecoration></a></b><t id="1b" x="9" y="8"><a><text><string>J</string></text><fontFace><font name="Impact" style="0" size="1"/></fontFace><textColor><color rgba="#ff800040"/></textColor><fontSize><double>36</double></fontSize></a></t><t id="1c" x="22" y="8"><a><text><string>Hot</string></text><fontFace><font name="Impact" style="0" size="1"/></fontFace><textColor><color rgba="#ffff8000"/></textColor><fontSize><double>36</double></fontSize></a></t><ta id="1d" x="4" y="41" w="295" h="32"><a><fontBold><boolean>true</boolean></fontBold><fillColor><null/></fillColor><strokeColor><null/></strokeColor><text><string>A Framework for Vector Drawing Editors</string></text><textColor><color rgba="#ff000000"/></textColor><fontFace><font name="Optima-Regular" style="0" size="1"/></fontFace><fontSize><double>14</double></fontSize></a></ta><t id="1e" x="73" y="8"><a><text><string>Draw</string></text><fontFace><font name="Impact" style="0" size="1"/></fontFace><textColor><color rgba="#ff800040"/></textColor><fontSize><double>36</double></fontSize></a></t><t id="1f" x="153" y="8"><a><text><string>7</string></text><fontFace><font name="Impact" style="0" size="1"/></fontFace><textColor><color rgba="#ffff8000"/></textColor><fontSize><double>36</double></fontSize></a></t></drawing>