<?xml version="1.0" encoding="UTF-8"?>
<!-- Builds the "JHotDraw" jar file. -->
<project name="JHotDraw" default="all" basedir=".">
    <target name="init">
        <!-- gobal build properties -->
        <property file="build.properties"/>
        
        <!-- properties for copyright and versioning -->
        <property name="name" value="${ant.project.name}"/>

        <!-- build properties -->
        <property name="lib" value="lib"/>
        <property name="src" value="src/main/java"/>
        <property name="build" value="build"/>
        <property name="classes" value="${build}/classes"/>
        <property name="dist" value="dist/JHotDraw ${version}/Samples/JHotDraw"/>
        <property name="javadoc" value="dist/JHotDraw ${version}/JavaDoc"/>
        <property name="doc" value="dist/JHotDraw ${version}/Documentation"/>
        <property name="docsrc" value="src/documentation"/>
    </target>
    <target name="clean" depends="init">
        <delete dir="${classes}" />
    </target>
    <target depends="init" description="Javadoc for my API." name="javadoc">
        <mkdir dir="${javadoc}"/>
        <javadoc destdir="${javadoc}" 
        footer="&lt;font size=-2>Copyright 1996-2010 (c) by the authors and contributors of the JHotDraw project.&lt;br>Some rights reserved.&lt;/font>"
        header="JHotDraw ${version}" 
        windowtitle="JHotDraw ${version}"
        maxmemory="256M"
        overview="${src}/org/jhotdraw/overview.html"
        charset="UTF-8"
        >
            <packageset dir="${src}">
                <include name="org/jhotdraw/**"/>
            </packageset>
            <sourcepath>
                <pathelement location="${src}"/>
            </sourcepath>
            <classpath>
                <pathelement location="${lib}/quaqua.jar"/>
                <pathelement location="${lib}/java_30.zip"/>
                <pathelement location="${lib}/annotations.jar"/>
                <pathelement location="${lib}/jsr305.jar"/>
            </classpath>
        </javadoc>
    </target>
    <target name="compile" depends="init,clean">
        <mkdir dir="${classes}"/>
        <javac  destdir="${classes}"
                srcdir="${src}"
                
                debug="${javac.debug}"
                optimize="${javac.optimize}"
                encoding="${javac.encoding}"
                includeantruntime="${javac.includeantruntime}"
                source="${javac.source}"
                target="${javac.target}"
                bootclasspath="${javac.bootclasspath}"
                classpath="${javac.classpath}"
                extdirs="${javac.extdirs}"
         >
            <compilerarg value="-version"/>
            <compilerarg value="-endorseddirs"/>
            <compilerarg value="${javac.endorseddirs}"/>
            <compilerarg value="-Xlint:all"/>
            
            <classpath path="${lib}/quaqua.jar"/>
            <classpath path="${lib}/java_30.zip"/>
            <classpath path="${lib}/annotations.jar"/>
            <classpath path="${lib}/jsr305.jar"/>
            <include name="**/*.java"/>
        </javac>
        <copy todir="${classes}">
            <fileset dir="${src}">
                <include name="**/*.properties"/>
                <include name="**/*.png"/>
            </fileset>
        </copy>
    </target>
    <target name="jar" depends="init,compile">
        <mkdir dir="${dist}"/>
        <jar destfile="${dist}/jhotdraw.jar" basedir="${classes}">
            <manifest>
                <attribute name="Built-By" value="${author}"/>
                <attribute name="Main-Class" value="org.jhotdraw.samples.draw.Main"/>
                <attribute name="Class-Path" value="quaqua.jar lib/quaqua.jar ../lib/quaqua.jar"/>
            </manifest>
        </jar>
    </target>
    <target name="dist" depends="jar">
    </target>
    <target name="distsigned" depends="jar">
    </target>
    <target name="documentation" depends="init">
        <delete dir="${doc}"/>
        <mkdir dir="${doc}"/>
        <copy todir="${doc}">
            <fileset dir="${docsrc}"/>
        </copy>
    </target>
</project>
